1159011;118864;Аэрогриль Element AG-1202MG;2000001188644;0;0;0;0;CK_3;31- 062-0;2
1159011;925316;Аэрогриль Perfezza 612;2000009253160;7833105506121;0;0;0;CK_3;31- 027-0;2
1159011;925317;Аэрогриль Perfezza 816D;2000009253177;7833105508170;0;0;0;CK_3;32- 034-0;1
1159011;912952;Весы кухонные Gorenje KT-05 NS;2000009129526;3838942462313;0;0;0;CK_5;51- 147-0;2
1159011;924769;Весы кухонные Scarlett SC-1210;0000040331591;5050370121015;5050370121008;0;0;CK_5;51- 317-0;5
1159011;922474;Весы кухонные Tefal BC5070;2000009224740;3168430099326;0;0;0;CK_6;63- 025-2;1
1159011;920115;Йогуртница Dex DYM-107;2000009201154;4820102880906;0;0;0;CK_3;30- 075-0;5
1159011;908751;Мультиварка Panasonic SR-TMH10ATW;2000009087512;5025232479450;0;0;0;CK_3;32- 149-1;1
1159011;523660;Пароварка Moulinex MV1000;2000005236600;3045386332113;0;0;0;CK_3;31- 040-0;1
1159011;926004;Пароварка Philips HD9110;2000009260045;8710103445784;0;0;0;CK_3;32- 137-0;2
1159011;911335;Пароварка Philips HD9140/90;2000009113358;8710103408352;0;0;0;CK_3;32- 150-1;2
1159011;913490;Пароварка Tefal VC1015;2000009134902;3045386330256;0;0;0;CK_3;32- 139-0;3
1159011;109651;Пароварка Tefal VC4003;2000001096512;3045386300068;0;0;0;CK_3;32- 141-0;1
1159011;922509;Соковыжималка Gorenje JC 805 SB;2000009225099;3838942576577;0;0;0;CK_3;30- 096-0;3
1159011;518937;Соковыжималка Moulinex BKA388;2000005189371;3045388316869;0;0;0;CK_3;30- 087-0;2
1159011;919102;Соковыжималка Moulinex JU40013E;2000009191028;3045388316845;0;0;0;CK_3;30- 095-0;3
1159011;907012;Соковыжималка Philips HR1858BL/90;2000009070125;8710103380559;0;0;0;CK_3;30- 107-0;1
1159011;117147;Соковыжималка Philips HR1861;2000001171479;8710103192923;0;0;0;CK_3;30- 089-0;2
1159011;909552;Соковыжималка Philips HR1865;2000009095524;8710103388760;0;0;0;CK_3;30- 113-0;1
1159011;109859;Соковыжималка Scarlett SC-014;2000001098592;5050370001416;0;0;0;CK_3;01- 01;3
1159011;925235;Соковыжималка Scarlett SC-016;2000009252354;5050370001621;0;0;0;CK_3;30- 110-0;3
1159011;926347;Соковыжималка Scarlett SC-018R;2000009263473;5050370001805;0;0;0;CK_3;01- 01;2
1159011;925244;Соковыжималка Scarlett SC-1013;2000009252446;5050370101321;0;0;0;CK_3;30- 115-0;2
1159011;112235;Соковыжималка Tefal ZE7001;2000001122358;3045388314889;0;0;0;CK_3;30- 093-0;1
1159011;925916;Соковыжималка Zelmer 377;2000009259162;5900215512884;0;0;0;CK_3;30- 111-0;1
1159011;925915;Соковыжималка Zelmer 476;2000009259155;5900215010625;0;0;0;CK_3;30- 128-0;2
1159011;927086;Соковыжималка Zelmer 496;2000009270860;5900215514703;0;0;0;CK_3;31- 121-0;2
1159011;923077;Сушилка для фруктов и овощей Zelmer 36Z011;2000009230772;5900215011608;0;0;0;CK_3;30- 098-0;2
1159011;919212;Хлебопечь Delonghi BDM750W;2000009192124;8004399771604;0;0;0;CK_3;38- 099-0;1
1159011;906865;Хлебопечь Kenwood BM350;2000009068658;5011423137551;0;0;0;CK_3;39- 103-0;1
1159011;923388;Хлебопечь LG HB-1051CJ;2000009233889;8808992726616;0;0;0;CK_3;37- 140-0;1
1159011;114375;Хлебопечь LG HB-155CJ;2000001143759;8801031737253;0;0;0;CK_3;39- 115-0;1
1159011;114377;Хлебопечь LG HB-205CJ;2000001143773;8801031737307;0;0;0;CK_3;36- 097-0;1
1159011;925852;Хлебопечь LG HB-3001BYT;2000009258523;8808992730989;0;0;0;CK_3;39- 135-0;1
1159011;924269;Хлебопечь Philips HD9020;2000009242690;8710103507680;0;0;0;CK_3;39- 138-0;1
1159011;913034;Хлебопечь Tefal OW4002;2000009130348;3045385731122;0;0;0;CK_3;39- 116-0;1
1159011;111347;Цитрус-пресс Braun MPZ9;2000001113479;4210201339564;0;0;0;CK_3;30- 069-1;2
1159011;909886;Цитрус-пресс Moulinex PC6000;2000009098860;3045388335891;0;0;0;CK_3;30- 099-0;1
1159011;102090;Цитрус-пресс Philips HR2737;2000001020906;8710103273080;0;0;0;CK_3;30- 005-0;1
1159011;915383;Цитрус-пресс Scarlett SC-1011;2000009153835;5050370101109;0;0;0;CK_3;30- 063-0;4
